{"x": [0.5, 2.0, 4.0, 7.5, 13.0, 22.0, 36.5, 60.0, 98.0, 159.5, 259.0, 420.0, 680.5, 1102.0, 1784.0, 2887.5, 4673.0, 7562.0, 12236.5, 19800.0, 32038.0, 51839.5, 83879.0], "y": [16000.0, 36000.0, 82000.0, 198666.66666666666, 492000.0, 1246000.0, 3192000.0, 8236190.476190476, 16482352.94117647, 24981818.181818184, 34548314.60674157, 46013888.88888889, 60099570.815450646, 77677453.58090186, 99773770.49180327, 127676190.47619048, 163018159.0482154, 207852321.98142415, 264788710.83472854, 337138861.7886179, 429112917.96089894, 546059985.3198577, 694783989.9500995]}