{"x": [0.5, 2.0, 4.0, 7.5, 13.0, 22.0, 36.5, 60.0, 98.0, 159.5, 259.0, 420.0, 680.5, 1102.0, 1784.0, 2887.5, 4673.0, 7562.0, 12236.5, 19800.0, 32038.0, 51839.5, 83879.0], "y": [4000.0, 16000.0, 50000.0, 146666.66666666666, 408000.0, 1110000.0, 2972000.0, 7884952.380952381, 16247058.823529411, 24814545.454545453, 34435955.05617978, 45925000.0, 60032618.02575108, 77626525.198939, 99733114.75409836, 127644984.80243161, 162993362.55479023, 207832972.1362229, 264773594.83377182, 337126917.9600887, 429103562.9453682, 546052622.6638812, 694778211.2572844]}