{"x": [0.5, 74.0, 363.5, 869.0, 1590.5, 2528.0, 3681.5, 5051.0, 6636.5, 8438.0, 10455.5, 12689.0, 15138.5, 17804.0, 20685.5, 23783.0, 27096.5, 30626.0, 34371.5, 38333.0, 42510.5, 46904.0, 51513.5, 56339.0, 61380.5, 66638.0, 72111.5, 77801.0, 83706.5, 89828.0, 96165.5, 102719.0, 109488.5, 116474.0, 123675.5, 131093.0, 138726.5, 146576.0, 154641.5, 162923.0, 171420.5, 180134.0, 189063.5, 198209.0, 207570.5, 217148.0, 226941.5, 236951.0, 247176.5, 257618.0, 268275.5, 279149.0, 290238.5, 301544.0, 313065.5, 324803.0, 336756.5, 348926.0, 361311.5, 373913.0, 386730.5, 399764.0, 413013.5, 426479.0, 440160.5, 454058.0, 468171.5, 482501.0, 497046.5, 511808.0, 526785.5, 541979.0, 557388.5, 573014.0, 588855.5, 604913.0, 621186.5, 637676.0, 654381.5, 671303.0, 688440.5, 705794.0, 723363.5, 741149.0, 759150.5, 777368.0, 795801.5, 814451.0, 833316.5, 852398.0, 871695.5, 891209.0, 910938.5, 930884.0, 951045.5, 971423.0, 992016.5, 1012826.0, 1033851.5, 1055093.0, 1076550.5, 1098224.0, 1120113.5, 1142219.0, 1164540.5, 1187078.0, 1209831.5, 1232801.0, 1255986.5, 1279388.0, 1303005.5, 1326839.0, 1350888.5, 1375154.0, 1399635.5, 1424333.0, 1449246.5, 1474376.0, 1499721.5, 1525283.0, 1551060.5, 1577054.0, 1603263.5, 1629689.0, 1656330.5, 1683188.0, 1710261.5, 1737551.0, 1765056.5, 1792778.0, 1820715.5, 1848869.0, 1877238.5, 1905824.0, 1934625.5, 1963643.0, 1992876.5, 2022326.0, 2051991.5, 2081873.0, 2111970.5, 2142284.0, 2172813.5, 2203559.0, 2234520.5, 2265698.0, 2297091.5, 2328701.0, 2360526.5, 2392568.0, 2424825.5, 2457299.0, 2489988.5, 2522894.0, 2556015.5, 2589353.0, 2622906.5, 2656676.0, 2690661.5, 2724863.0, 2759280.5, 2793914.0, 2828763.5, 2863829.0, 2899110.5, 2934608.0, 2970321.5, 3006251.0, 3042396.5, 3078758.0, 3115335.5, 3152129.0, 3189138.5, 3226364.0, 3263805.5, 3301463.0, 3339336.5, 3377426.0, 3415731.5, 3454253.0, 3492990.5, 3531944.0, 3571113.5, 3610499.0, 3650100.5, 3689918.0, 3729951.5, 3770201.0, 3810666.5, 3851348.0, 3892245.5, 3933359.0, 3974688.5, 4016234.0, 4057995.5, 4099973.0, 4142166.5, 4184576.0, 4227201.5, 4270043.0], "y": [16000.0, 15517793.103448275, 44326643.598615915, 69629561.20092379, 94238474.87001733, 118590291.26213592, 142822196.5317919, 166988701.68483648, 191110147.44145706, 215206476.4841943, 239283553.08813325, 263345615.14195582, 287397108.1550029, 311440683.395622, 335478631.63113534, 359511152.2443313, 383540130.15184385, 407565046.957942, 431587350.55919784, 455607453.4161491, 479625546.68517876, 503641652.892562, 527656295.3613127, 551669785.6927257, 575682267.8623084, 599693751.735629, 623704138.8518023, 647713756.7498071, 671722787.0071907, 695731290.3998085, 719739227.03078, 743746472.5643897, 767753265.3504014, 791759730.6964023, 815765897.4882581, 839771711.9619123, 863777049.1803279, 887782097.954588, 911786954.1384981, 935791632.5440626, 959796077.0699531, 983800169.3480102, 1007804066.7878988, 1031807847.5698369, 1055811519.6465204, 1079815028.5449777, 1103818264.1509433, 1127821362.0918894, 1151824388.8326342, 1175827348.7317557, 1199830190.251354, 1223832811.4363513, 1247835331.8200026, 1271837861.9153674, 1295840298.3155458, 1319842646.1305392, 1343844810.9113452, 1367846899.7441833, 1391848964.4439123, 1415851006.2374957, 1439852979.9791691, 1463854797.951053, 1487856557.2852504, 1511858304.8605754, 1535860041.2281654, 1559861724.1747677, 1583863271.9621253, 1607864773.5516634, 1631866271.8268151, 1655867766.9316695, 1679869219.32348, 1703870552.5672371, 1727871848.7800174, 1751873147.5316274, 1775874448.7191517, 1799875715.2115545, 1823876875.2855184, 1847878005.2304084, 1871879141.8142972, 1895880284.7850928, 1919881399.1840987, 1943882417.4882126, 1967883410.9577441, 1991884413.9546556, 2015885426.1387122, 2039886414.5086186, 2063887315.300767, 2087888195.3867028, 2111889087.0354297, 2135889989.857221, 2159890872.6178536, 2183891674.9332314, 2207892459.8082876, 2231893257.6719184, 2255894068.1096253, 2279894861.4867334, 2303895580.470163, 2327896284.630253, 2351897002.7634096, 2375897734.446237, 2399898451.4964237, 2423899099.3468547, 2447899734.4952006, 2471900384.2782984, 2495901048.27402, 2519901699.6230407, 2543902286.2757945, 2567902861.9637876, 2591903452.7100883, 2615904058.100274, 2639904652.4840603, 2663905186.11198, 2687905710.2114205, 2711906249.615928, 2735906803.922763, 2759907348.590061, 2783907835.9772525, 2807908315.033533, 2831908809.509798, 2855909319.017331, 2879909820.0335627, 2903910266.8579626, 2927910706.3577895, 2951911161.293965, 2975911631.2930503, 2999912093.772568, 3023912504.822265, 3047912909.399092, 3071913329.3549614, 3095913764.3322387, 3119914192.6179156, 3143914571.9586535, 3167914945.552107, 3191915334.4123635, 3215915738.197647, 3239916136.0012345, 3263916487.10748, 3287916833.088347, 3311917194.1830626, 3335917570.0654445, 3359917940.5783443, 3383918266.436838, 3407918587.7060003, 3431918923.906182, 3455919274.7263346, 3479919620.7078204, 3503919923.900119, 3527920222.967547, 3551920536.761601, 3575920864.9857855, 3599921188.8338504, 3623921471.6026673, 3647921750.651012, 3671922044.2064176, 3695922351.986292, 3719922655.7949915, 3743922920.09793, 3767923181.0341015, 3791923456.2475276, 3815923745.4688387, 3839924031.0750403, 3863924278.6284237, 3887924523.1257234, 3911924781.6640396, 3935925053.986535, 3959925323.008291, 3983925555.323154, 4007925784.8559194, 4031926028.1899724, 4055926285.0803304, 4079926538.948572, 4103926757.360406, 4127926973.23267, 4151927202.665275, 4175927445.4244323, 4199927685.4093094, 4223927891.102782, 4247928094.472125, 4271928311.1613936, 4295928540.947356, 4319928768.18024, 4343928962.20986, 4367929154.1073675, 4391929359.086252, 4415929576.933238, 4439929792.425209, 4463929975.732686, 4487930157.079728, 4511930351.272486, 4535930558.107065, 4559930762.764519, 4583930936.193419, 4607931107.815834, 4631931292.051955, 4655931488.706733, 4679931683.34461, 4703931847.65279, 4727932010.292926, 4751932185.318977, 4775932372.54423]}